-- phpMyAdmin SQL Dump
-- version 5.1.1
-- https://www.phpmyadmin.net/
--
-- Host: 127.0.0.1
-- Generation Time: Dec 12, 2021 at 08:30 PM
-- Server version: 10.4.21-MariaDB
-- PHP Version: 8.0.12

SET SQL_MODE = "NO_AUTO_VALUE_ON_ZERO";
START TRANSACTION;
SET time_zone = "+00:00";


/*!40101 SET @OLD_CHARACTER_SET_CLIENT=@@CHARACTER_SET_CLIENT */;
/*!40101 SET @OLD_CHARACTER_SET_RESULTS=@@CHARACTER_SET_RESULTS */;
/*!40101 SET @OLD_COLLATION_CONNECTION=@@COLLATION_CONNECTION */;
/*!40101 SET NAMES utf8mb4 */;

--
-- Database: `opd`
--

-- --------------------------------------------------------

--
-- Table structure for table `categories`
--

CREATE TABLE `categories` (
  `categorieId` int(12) NOT NULL,
  `categorieName` varchar(255) NOT NULL,
  `categorieDesc` text NOT NULL,
  `categorieCreateDate` datetime NOT NULL DEFAULT current_timestamp()
) ENGINE=InnoDB DEFAULT CHARSET=utf8mb4;

--
-- Dumping data for table `categories`
--

INSERT INTO `categories` (`categorieId`, `categorieName`, `categorieDesc`, `categorieCreateDate`) VALUES
(1, 'VEG PIZZA', 'A delight for veggie lovers! Choose from our wide range of delicious vegetarian pizzas, it\'s softer and tastier', '2021-03-17 18:16:28'),
(2, 'NON-VEG PIZZA', 'Choose your favourite non-veg pizzas from the Domino\'s Pizza menu. Get fresh non-veg pizza with your choice of crusts & toppings', '2021-03-17 18:17:14'),
(3, 'PIZZA MANIA', 'Indulge into mouth-watering taste of Pizza mania range, perfect answer to all your food cravings', '2021-03-17 18:17:43'),
(4, 'SIDES ORDERS', 'Complement your pizza with wide range of sides available at Domino\'s Pizza India', '2021-03-17 18:19:10');

-- --------------------------------------------------------

--
-- Table structure for table `pizza`
--

CREATE TABLE `pizza` (
  `pizzaId` int(12) NOT NULL,
  `pizzaName` varchar(255) NOT NULL,
  `pizzaPrice` int(12) NOT NULL,
  `pizzaDesc` text NOT NULL,
  `pizzaCategorieId` int(12) NOT NULL,
  `pizzaPubDate` datetime NOT NULL DEFAULT current_timestamp()
) ENGINE=InnoDB DEFAULT CHARSET=utf8mb4;

--
-- Dumping data for table `pizza`
--

INSERT INTO `pizza` (`pizzaId`, `pizzaName`, `pizzaPrice`, `pizzaDesc`, `pizzaCategorieId`, `pizzaPubDate`) VALUES
(1, 'Margherita', 99, 'A hugely popular margherita, with a deliciously tangy single cheese topping\r\n\r\n', 1, '2021-03-17 21:03:26'),
(2, 'Double Cheese Margherita', 199, 'The ever-popular Margherita - loaded with extra cheese... oodies of it', 1, '2021-03-17 21:20:58'),
(3, 'Farm House\r\n', 149, 'A pizza that goes ballistic on veggies! Check out this mouth watering overload of crunchy, crisp capsicum, succulent mushrooms and fresh tomatoes\r\n\r\n', 1, '2021-03-17 21:22:07'),
(13, 'PEPPER BARBECUE CHICKEN', 199, 'Pepper Barbecue Chicken I Cheese', 2, '2021-03-17 21:34:37'),
(14, 'CHICKEN SAUSAGE', 249, 'Chicken Sausage I Cheese', 2, '2021-03-17 21:35:31'),
(15, 'Chicken Golden Delight\r\n', 249, 'Mmm! Barbeque chicken with a topping of golden corn loaded with extra cheese. Worth its weight in gold!\r\n\r\n', 2, '2021-03-17 21:36:36'),
(21, 'TOMATO', 99, 'Juicy tomato in a flavourful combination with cheese I tangy sauce', 3, '2021-03-17 21:44:44'),
(22, 'VEG LOADED', 149, 'Tomato | Grilled Mushroom |Jalapeno |Golden Corn | Beans in a fresh pan crust', 3, '2021-03-17 21:45:34'),
(23, 'CHEESY', 99, 'Orange Cheddar Cheese I Mozzarella', 3, '2021-03-17 21:46:21'),
(29, 'Garlic Breadsticks', 99, 'The endearing tang of garlic in breadstics baked to perfection.', 4, '2021-03-17 22:01:33'),
(30, 'Stuffed Garlic Bread', 99, 'Freshly Baked Garlic Bread stuffed with mozzarella cheese, sweet corns & tangy and spicy jalapeños', 4, '2021-03-17 22:02:50'),
(31, 'Veg Pasta Italiano White', 99, 'Penne Pasta tossed with extra virgin olive oil, exotic herbs & a generous helping of new flavoured sauce.', 4, '2021-03-17 22:03:44');

-- --------------------------------------------------------

--
-- Table structure for table `users`
--

CREATE TABLE `users` (
  `id` int(21) NOT NULL,
  `username` varchar(21) NOT NULL,
  `firstName` varchar(21) NOT NULL,
  `lastName` varchar(21) NOT NULL,
  `email` varchar(35) NOT NULL,
  `phone` bigint(20) NOT NULL,
  `userType` enum('0','1') NOT NULL DEFAULT '0' COMMENT '0=user\r\n1=admin',
  `password` varchar(255) NOT NULL,
  `joinDate` datetime NOT NULL DEFAULT current_timestamp()
) ENGINE=InnoDB DEFAULT CHARSET=utf8mb4;

--
-- Dumping data for table `users`
--

INSERT INTO `users` (`id`, `username`, `firstName`, `lastName`, `email`, `phone`, `userType`, `password`, `joinDate`) VALUES
(1, 'admin', 'admin', 'admin', 'admin@gmail.com', 1111111111, '1', '$2y$10$AAfxRFOYbl7FdN17rN3fgeiPu/xQrx6MnvRGzqjVHlGqHAM4d9T1i', '2021-04-11 11:40:58'),
(2, 'swati2002', 'Swati', 'Agarwal', 'swati2002agarwal@gmail.com', 9990809721, '0', '$2y$10$NenlplHPhTxlH6wWyitYNuun1A6bsHCEyqAupW6Pr.b45bvsaCoD6', '2021-12-12 23:37:57'),
(3, 'swati2002ag', 'Swati', 'Agarwal', 'swati2002agarwal@gmail.com', 9990809721, '0', '$2y$10$NdHl6ntZGxHKRb8DVPlf3.8oy010aztgTge7J6CVOYm219JVxDNk6', '2021-12-12 23:58:01'),
(4, 'xxxxxxx', 'Swati', 'Agarwal', '88', 9990809721, '0', '$2y$10$35HMIU8NkOCGIVZ/wFgp6OgSWTVo3GXe/gKfnzZFN6vtT4gdggvl6', '2021-12-13 00:22:31'),
(5, 'abcdef', 'Swati', 'Agarwal', '9062111600026', 9990809721, '0', '$2y$10$l1uNNkah4R4WRVs/BnmpAeTICzaM5OV8FrhDXFN9QZ8zZc/ZCRFHS', '2021-12-13 00:38:35'),
(6, 'sssssssssss', 'Swati', 'Agarwal', '9062111600026', 9990809721, '0', '$2y$10$W8iD3m.G48hXnP1CuKZvCOFNGb5ViwNttnIqNXVz6DIs67ZLEHqfe', '2021-12-13 00:39:46');

-- --------------------------------------------------------

--
-- Table structure for table `viewcart`
--

CREATE TABLE `viewcart` (
  `cartItemId` int(11) NOT NULL,
  `pizzaId` int(11) NOT NULL,
  `itemQuantity` int(100) NOT NULL,
  `userId` int(11) NOT NULL,
  `addedDate` datetime NOT NULL DEFAULT current_timestamp()
) ENGINE=InnoDB DEFAULT CHARSET=utf8mb4;

--
-- Dumping data for table `viewcart`
--

INSERT INTO `viewcart` (`cartItemId`, `pizzaId`, `itemQuantity`, `userId`, `addedDate`) VALUES
(1, 1, 1, 2, '2021-12-12 23:31:45'),
(3, 13, 1, 2, '2021-12-12 23:39:20'),
(4, 14, 1, 2, '2021-12-12 23:39:33'),
(5, 31, 1, 2, '2021-12-12 23:40:18'),
(6, 18, 1, 2, '2021-12-12 23:45:20'),
(7, 19, 1, 2, '2021-12-12 23:45:25'),
(8, 22, 1, 0, '2021-12-12 23:47:28'),
(9, 15, 1, 2, '2021-12-12 23:53:44'),
(18, 14, 1, 3, '2021-12-13 00:07:25');

--
-- Indexes for dumped tables
--

--
-- Indexes for table `categories`
--
ALTER TABLE `categories`
  ADD PRIMARY KEY (`categorieId`);
ALTER TABLE `categories` ADD FULLTEXT KEY `categorieName` (`categorieName`,`categorieDesc`);

--
-- Indexes for table `pizza`
--
ALTER TABLE `pizza`
  ADD PRIMARY KEY (`pizzaId`);
ALTER TABLE `pizza` ADD FULLTEXT KEY `pizzaName` (`pizzaName`,`pizzaDesc`);

--
-- Indexes for table `users`
--
ALTER TABLE `users`
  ADD PRIMARY KEY (`id`) USING BTREE,
  ADD UNIQUE KEY `username` (`username`);

--
-- Indexes for table `viewcart`
--
ALTER TABLE `viewcart`
  ADD PRIMARY KEY (`cartItemId`);

--
-- AUTO_INCREMENT for dumped tables
--

--
-- AUTO_INCREMENT for table `categories`
--
ALTER TABLE `categories`
  MODIFY `categorieId` int(12) NOT NULL AUTO_INCREMENT, AUTO_INCREMENT=22;

--
-- AUTO_INCREMENT for table `pizza`
--
ALTER TABLE `pizza`
  MODIFY `pizzaId` int(12) NOT NULL AUTO_INCREMENT, AUTO_INCREMENT=69;

--
-- AUTO_INCREMENT for table `users`
--
ALTER TABLE `users`
  MODIFY `id` int(21) NOT NULL AUTO_INCREMENT, AUTO_INCREMENT=7;

--
-- AUTO_INCREMENT for table `viewcart`
--
ALTER TABLE `viewcart`
  MODIFY `cartItemId` int(11) NOT NULL AUTO_INCREMENT, AUTO_INCREMENT=19;
COMMIT;

/*!40101 SET CHARACTER_SET_CLIENT=@OLD_CHARACTER_SET_CLIENT */;
/*!40101 SET CHARACTER_SET_RESULTS=@OLD_CHARACTER_SET_RESULTS */;
/*!40101 SET COLLATION_CONNECTION=@OLD_COLLATION_CONNECTION */;
